{
  "target_simulator": "NEURON",
  "run": {
    "tstop": 1000.0,
    "dt": 0.1,
    "dL": 20.0,
    "spike_threshold": -15.0,
    "nsteps_block": 5000
  },
  "conditions": {
    "celsius": 34.0,
    "v_init": -60.0
  },
  "inputs": {
    "current_clamp": {
      "input_type": "current_clamp",
      "module": "IClamp",
      "node_set": "all",
      "amp": 0.4,
      "delay": 50.0,
      "duration": 400.0
    }
  },
  "output": {
    "log_file": "log.txt",
    "output_dir": "./output",
    "spikes_file": "spikes.h5",
    "spikes_file_csv": "spikes.csv",
    "overwrite_output_dir": true
  },
  "reports": {
    "membrane_report": {
      "module": "membrane_report",
      "cells": "all",
      "variable_name": [
        "v"
      ],
      "file_name": "cell_vars.h5",
      "sections": "soma"
    }
  },
  "network": "./circuit_config.json",
  "config_path": "C:\\Users\\Tyler\\Desktop\\BMTK Morpho Work\\hippocampus-bmtk\\ca3\\simulation_config.json",
  "config_dir": "C:\\Users\\Tyler\\Desktop\\BMTK Morpho Work\\hippocampus-bmtk\\ca3",
  "components": {
    "morphologies_dir": "./biophys_components/morphologies",
    "synaptic_models_dir": "./biophys_components/synaptic_models",
    "mechanisms_dir": "./biophys_components/mechanisms",
    "biophysical_neuron_models_dir": "./biophys_components/biophysical_neuron_templates",
    "point_neuron_models_dir": "./biophys_components/point_neuron_templates",
    "templates_dir": "./biophys_components/hoc_templates"
  },
  "networks": {
    "nodes": [
      {
        "nodes_file": ".\\network\\ca3_nodes.h5",
        "node_types_file": ".\\network\\ca3_node_types.csv"
      }
    ],
    "edges": []
  }
}