{
  "target_simulator": "NEURON",
  "run": {
    "tstop": 3000.0,
    "dt": 0.1,
    "dL": 1000.0,
    "spike_threshold": 0.0,
    "nsteps_block": 5000
  },
  "conditions": {
    "celsius": 6.0,
    "v_init": -65.0
  },
  "node_sets": {
    "ca3e": {
      "pop_name": "CA3e"
    },
    "ca3noise": {
      "pop_name": "bgnoisevirtCA3"
    }
  },
  "inputs": {
    "ca3noise": {
      "input_type": "spikes",
      "module": "sonata",
      "input_file": "./input/ca3e_gaus_50m_40s_hz.h5",
      "node_set": "ca3noise"
    }
  },
  "output": {
    "log_file": "log.txt",
    "output_dir": "9000_output",
    "spikes_file": "spikes.h5",
    "spikes_file_csv": "spikes.csv",
    "overwrite_output_dir": true
  },
  "reports": {
    "ecp": {
      "cells": "all",
      "variable_name": "v",
      "module": "extracellular",
      "electrode_positions": "./biophys_components/recXelectrodes/linear_electrode.csv",
      "file_name": "ecp.h5",
      "electrode_channels": "all"
    }
  },
  "network": "9000_network_config.json",
  "config_path": "/home/pbcanfield/Desktop/hippocampus-bmtk/GuntuBanks-bmtk/9000_simulation_config.json",
  "config_dir": "/home/pbcanfield/Desktop/hippocampus-bmtk/GuntuBanks-bmtk",
  "components": {
    "morphologies_dir": "./biophys_components/morphologies",
    "synaptic_models_dir": "./biophys_components/synaptic_models",
    "mechanisms_dir": "./biophys_components/mechanisms",
    "biophysical_neuron_models_dir": "./biophys_components/biophysical_neuron_templates",
    "point_neuron_models_dir": "./biophys_components/point_neuron_templates",
    "templates_dir": "./biophys_components/hoc_templates"
  },
  "networks": {
    "nodes": [
      {
        "nodes_file": "./9000_network/hippocampus_nodes.h5",
        "node_types_file": "./9000_network/hippocampus_node_types.csv"
      },
      {
        "nodes_file": "./9000_network/exp0input_nodes.h5",
        "node_types_file": "./9000_network/exp0input_node_types.csv"
      }
    ],
    "edges": [
      {
        "edges_file": "./9000_network/hippocampus_hippocampus_edges.h5",
        "edge_types_file": "./9000_network/hippocampus_hippocampus_edge_types.csv"
      },
      {
        "edges_file": "./9000_network/exp0input_hippocampus_edges.h5",
        "edge_types_file": "./9000_network/exp0input_hippocampus_edge_types.csv"
      }
    ]
  }
}