{
    "level_of_detail": "pyr2pyr",
    "AlphaTmax_ampa": "0.58",
    "Beta_ampa": "0.091",
    "Cdur_ampa": "2.4",
    "gbar_ampa": "0.0017",
    "Erev_ampa": "0",
    "AlphaTmax_nmda": "0.088",
    "Beta_nmda": "0.0033",
    "Cdur_nmda": "10",
    "gbar_nmda": "0.0017",
    "Erev_nmda": "0",
    "initW": "2",
    "Wmax": "2",
    "Wmin": "0.25",
    "delay": "5",
    "con_pattern": "1",
    "lambda1": "20",
    "lambda2": "0.01",
    "threshold1": "0.2",
    "threshold2": "0.4",
    "tauD1": "1",
    "d1": "1",
    "tauD2": "1",
    "d2": "1",
    "tauF": "1",
    "f": "1",
    "bACH": "-0.5",
    "aDA": "1",
    "bDA": "0",
    "wACH": "0",
    "ratio": "0.166",
    "gaussa": "0"
}