{
    "level_of_detail": "pyr2pyr",
    "AlphaTmax_ampa": "0.9",
    "Beta_ampa": "0.2",
    "Cdur_ampa": "2",
    "gbar_ampa": "0.0017",
    "Erev_ampa": "0",
    "AlphaTmax_nmda": "0.088",
    "Beta_nmda": "0.0033",
    "Cdur_nmda": "10",
    "gbar_nmda": "0.0017",
    "Erev_nmda": "0",
    "initW": "0.7",
    "Wmax": "2",
    "Wmin": "0.25",
    "delay": "2",
    "con_pattern": "1",
    "lambda1": "5",
    "lambda2": "0.01",
    "threshold1": "0.1",
    "threshold2": "0.2",
    "tauD1": "130",
    "d1": "0.7",
    "tauD2": "400",
    "d2": "0.92",
    "tauF": "1",
    "f": "1",
    "bACH": "-0.85",
    "aDA": "1",
    "bDA": "0",
    "wACH": "0",
    "ratio": "0.3",
    "gaussa": "0"
}