{
  "manifest": {
    "$BASE_DIR": ".",
    "$COMPONENTS_DIR": "$BASE_DIR/biophys_components",
    "$NETWORK_DIR": "$BASE_DIR/5268_network"
  },
  "components": {
    "morphologies_dir": "$COMPONENTS_DIR/morphologies",
    "synaptic_models_dir": "$COMPONENTS_DIR/synaptic_models",
    "mechanisms_dir": "$COMPONENTS_DIR/mechanisms",
    "biophysical_neuron_models_dir": "$COMPONENTS_DIR/biophysical_neuron_templates",
    "point_neuron_models_dir": "$COMPONENTS_DIR/point_neuron_templates",
    "templates_dir": "$COMPONENTS_DIR/hoc_templates"
  },
  "networks": {
    "nodes": [
      {
        "nodes_file": "$NETWORK_DIR/hippocampus_nodes.h5",
        "node_types_file": "$NETWORK_DIR/hippocampus_node_types.csv"
      },
      {
        "nodes_file": "$NETWORK_DIR/exp0input_nodes.h5",
        "node_types_file": "$NETWORK_DIR/exp0input_node_types.csv"
      }
    ],
    "edges": [
      {
        "edges_file": "$NETWORK_DIR/hippocampus_hippocampus_edges.h5",
        "edge_types_file": "$NETWORK_DIR/hippocampus_hippocampus_edge_types.csv"
      },
      {
        "edges_file": "$NETWORK_DIR/exp0input_hippocampus_edges.h5",
        "edge_types_file": "$NETWORK_DIR/exp0input_hippocampus_edge_types.csv"
      }
    ]
  }
}