{
  "target_simulator": "NEURON",
  "run": {
    "tstop": 3000.0,
    "dt": 0.1,
    "dL": 1000.0,
    "spike_threshold": 0.0,
    "nsteps_block": 5000
  },
  "conditions": {
    "celsius": 6.0,
    "v_init": -65.0
  },
  "node_sets": {
    "ec": {
      "pop_name": "EC"
    },
    "ecnoise": {
      "pop_name": "bgnoisevirtEC"
    }
  },
  "inputs": {
    "ecnoise": {
      "input_type": "spikes",
      "module": "sonata",
      "input_file": "./input/ec_poisson_15hz.h5",
      "node_set": "ecnoise"
    }
  },
  "output": {
    "log_file": "log.txt",
    "output_dir": "100_output",
    "spikes_file": "spikes.h5",
    "spikes_file_csv": "spikes.csv",
    "overwrite_output_dir": true
  },
  "reports": {},
  "network": "100_network_config.json",
  "config_path": "/home/pbcanfield/Desktop/Hippocampus-bmtk/GuntuBanks-bmtk/100_simulation_config.json",
  "config_dir": "/home/pbcanfield/Desktop/Hippocampus-bmtk/GuntuBanks-bmtk",
  "components": {
    "morphologies_dir": "./biophys_components/morphologies",
    "synaptic_models_dir": "./biophys_components/synaptic_models",
    "mechanisms_dir": "./biophys_components/mechanisms",
    "biophysical_neuron_models_dir": "./biophys_components/biophysical_neuron_templates",
    "point_neuron_models_dir": "./biophys_components/point_neuron_templates",
    "templates_dir": "./biophys_components/hoc_templates"
  },
  "networks": {
    "nodes": [
      {
        "nodes_file": "./100_network/hippocampus_nodes.h5",
        "node_types_file": "./100_network/hippocampus_node_types.csv"
      },
      {
        "nodes_file": "./100_network/exp0input_nodes.h5",
        "node_types_file": "./100_network/exp0input_node_types.csv"
      }
    ],
    "edges": [
      {
        "edges_file": "./100_network/hippocampus_hippocampus_edges.h5",
        "edge_types_file": "./100_network/hippocampus_hippocampus_edge_types.csv"
      },
      {
        "edges_file": "./100_network/exp0input_hippocampus_edges.h5",
        "edge_types_file": "./100_network/exp0input_hippocampus_edge_types.csv"
      }
    ]
  }
}