{
  "target_simulator": "NEURON",
  "run": {
    "tstop": 10000.0,
    "dt": 0.1,
    "dL": 1000.0,
    "spike_threshold": 0.0,
    "nsteps_block": 5000
  },
  "conditions": {
    "celsius": 6.0,
    "v_init": -65.0
  },
  "node_sets": {
    "virt": {
      "model_type": "virtual",
      "exp": "0"
    },
    "ca3e": {
      "pop_name": "CA3e"
    },
    "ca3noise": {
      "pop_name": "bgnoisevirtCA3"
    },
    "dgnoise": {
      "pop_name": "bgnoisevirtDG"
    }
  },
  "inputs": {
    "exc_spikes": {
      "input_type": "spikes",
      "module": "csv",
      "input_file": "./input/exp0_input_newest.csv",
      "node_set": "virt"
    },
    "ca3noise": {
      "input_type": "spikes",
      "module": "csv",
      "input_file": "./input/exp0_ca3_noise.csv",
      "node_set": "ca3noise"
    },
    "dgnoise": {
      "input_type": "spikes",
      "module": "csv",
      "input_file": "./input/exp0_dg_noise.csv",
      "node_set": "dgnoise"
    }
  },
  "output": {
    "log_file": "log.txt",
    "output_dir": "1000_output",
    "spikes_file": "spikes.h5",
    "spikes_file_csv": "spikes.csv",
    "overwrite_output_dir": true
  },
  "reports": {},
  "network": "1000_network_config.json",
  "config_path": "/home/pieisbetterthancake/Desktop/oldModel/Hippocampus-bmtk/GuntuBanks-bmtk/1000_simulation_config.json",
  "config_dir": "/home/pieisbetterthancake/Desktop/oldModel/Hippocampus-bmtk/GuntuBanks-bmtk",
  "components": {
    "morphologies_dir": "./biophys_components/morphologies",
    "synaptic_models_dir": "./biophys_components/synaptic_models",
    "mechanisms_dir": "./biophys_components/mechanisms",
    "biophysical_neuron_models_dir": "./biophys_components/biophysical_neuron_templates",
    "point_neuron_models_dir": "./biophys_components/point_neuron_templates",
    "templates_dir": "./biophys_components/hoc_templates"
  },
  "networks": {
    "nodes": [
      {
        "nodes_file": "./1000_network/hippocampus_nodes.h5",
        "node_types_file": "./1000_network/hippocampus_node_types.csv"
      },
      {
        "nodes_file": "./1000_network/exp0input_nodes.h5",
        "node_types_file": "./1000_network/exp0input_node_types.csv"
      }
    ],
    "edges": [
      {
        "edges_file": "./1000_network/hippocampus_hippocampus_edges.h5",
        "edge_types_file": "./1000_network/hippocampus_hippocampus_edge_types.csv"
      },
      {
        "edges_file": "./1000_network/exp0input_hippocampus_edges.h5",
        "edge_types_file": "./1000_network/exp0input_hippocampus_edge_types.csv"
      }
    ]
  }
}