{
    "manifest": {
      "$BASE_DIR": ".",
      "$OUTPUT_DIR": "$BASE_DIR/output",
      "$INPUT_DIR": "$BASE_DIR/input"
    },
    "target_simulator": "NEURON",
    "run": {
      "tstop": 15000.0,
      "dt": 0.1,
      "dL": 1000.0,
      "spike_threshold": 0.0,
      "nsteps_block": 5000
    },
    "conditions": {
      "celsius": 6.0,
      "v_init": -65.0
    },
    "node_sets": {
      "ecnoise": {
        "pop_name": "bgnoisevirtEC"
      }
    },
    "inputs": {
      "ec_spikes": {
        "input_type": "spikes",
        "module": "csv",
        "input_file": "$INPUT_DIR/recurrent_input.csv",
        "node_set": "ecnoise"
      }
    },
    "output": {
      "log_file": "log.txt",
      "output_dir": "${OUTPUT_DIR}",
      "spikes_file": "spikes.h5",
      "spikes_file_csv": "spikes.csv",
      "overwrite_output_dir": true
    },
    "reports": {
    },
    "network": "./circuit_config.json"
  }