{
  "manifest": {
    "$BASE_DIR": ".",
    "$OUTPUT_DIR": "$BASE_DIR/output",
    "$INPUT_DIR": "$BASE_DIR/input",
    "$COMPONENTS_DIR": "$BASE_DIR/biophys_components"
  },
  "target_simulator": "NEURON",
  "run": {
    "tstop": 3000.0,
    "dt": 0.1,
    "dL": 1000.0,
    "spike_threshold": 0.0,
    "nsteps_block": 5000
  },
  "conditions": {
    "celsius": 6.0,
    "v_init": -65.0
  },
  "node_sets": {
    "ecnoise": {
      "pop_name": "bgnoisevirtEC"
    }
  },
  "inputs": {
    "ec_spikes": {
      "input_type": "spikes",
      "module": "sonata",
      "input_file": "$INPUT_DIR/ec_poisson_15hz.h5",
      "node_set": "ecnoise"
    }
  },
  "output": {
    "log_file": "log.txt",
    "output_dir": "${OUTPUT_DIR}",
    "spikes_file": "spikes.h5",
    "spikes_file_csv": "spikes.csv",
    "overwrite_output_dir": true
  },
  "reports": {
    "membrane_report": {
      "module": "membrane_report",
      "cells": [0,1,2,3,4,5,6,7,8,9,10,11,12,13,14,15,16,17,18,19,20,21,22,23,24,25,26,27,28,29],
      "variable_name": [
        "v"
      ],
      "file_name": "ec_v.h5",
      "sections": "soma"
    },
    "ecp": {
      "cell_bounds":[30,92],
      "variable_name":"v",
      "module": "extracellular",
      "electrode_positions": "$COMPONENTS_DIR/recXelectrodes/linear_electrode.csv",
      "file_name": "ecp.h5",
      "electrode_channels": "all"
    }
  },
  "network": "./circuit_config.json"
}
