{
    "level_of_detail": "inter2pyr",
    "AlphaTmax_gabaa": "1.08",
    "Beta_gabaa": "0.14",
    "Cdur_gabaa": "1.3",
    "gbar_gabaa": "0.0017",
    "Erev_gabaa": "0",
    "AlphaTmax_gabab": "0.088",
    "Beta_gabab": "0.0066",
    "Cdur_gabab": "10",
    "gbar_gabab": "0.0017",
    "Erev_gabab": "0",
    "initW": "4",
    "Wmax": "2",
    "Wmin": "0.25",
    "delay": "2",
    "con_pattern": "0",
    "lambda1": "2.5",
    "lambda2": "0.01",
    "threshold1": "0.2",
    "threshold2": "0.4",
    "tauD1": "1",
    "d1": "1",
    "tauD2": "1",
    "d2": "1",
    "tauF": "1",
    "f": "1",
    "bACH": "0",
    "aDA": "1",
    "bDA": "0",
    "wACH": "0",
    "ratio": "0.2",
    "gaussa": "0"
}