{
    "level_of_detail": "pyr2pyr",
    "AlphaTmax_ampa": "0.35",
    "Beta_ampa": "0.05",
    "Cdur_ampa": "6.2",
    "gbar_ampa": "0.0017",
    "Erev_ampa": "-75",
    "AlphaTmax_nmda": "0.09",
    "Beta_nmda": "0.008",
    "Cdur_nmda": "6",
    "gbar_nmda": "0.0006",
    "Erev_nmda": "-75",
    "initW": "0.2",
    "Wmax": "2",
    "Wmin": "0.25",
    "delay": "1",
    "con_pattern": "3",
    "lambda1": "2.5",
    "lambda2": "0.01",
    "threshold1": "0.1",
    "threshold2": "0.3",
    "tauD1": "1",
    "d1": "1",
    "tauD2": "1",
    "d2": "1",
    "tauF": "1",
    "f": "1",
    "bACH": "0",
    "aDA": "1",
    "bDA": "0",
    "wACH": "0",
    "ratio": "2",
    "gaussa": "1"
}