{
    "level_of_detail": "inter2pyr",
    "AlphaTmax_gabaa": "0.35",
    "Beta_gabaa": "0.05",
    "Cdur_gabaa": "6.2",
    "gbar_gabaa": "0.0017",
    "Erev_gabaa": "-85",
    "AlphaTmax_gabab": "0.09",
    "Beta_gabab": "0.008",
    "Cdur_gabab": "6",
    "gbar_gabab": "0.0006",
    "Erev_gabab": "-85",
    "initW": "2",
    "Wmax": "2",
    "Wmin": "0.25",
    "delay": "1",
    "con_pattern": "3",
    "lambda1": "2.5",
    "lambda2": "0.01",
    "threshold1": "0.2",
    "threshold2": "0.5",
    "tauD1": "1",
    "d1": "1",
    "tauD2": "1",
    "d2": "1",
    "tauF": "1",
    "f": "1",
    "bACH": "0",
    "aDA": "1",
    "bDA": "0",
    "wACH": "0",
    "ratio": "2",
    "gaussa": "1.5"
}