{
    "level_of_detail": "inter2pyr",
    "AlphaTmax_gabaa": "0.9",
    "Beta_gabaa": "0.2",
    "Cdur_gabaa": "2",
    "gbar_gabaa": "0.0017",
    "Erev_gabaa": "0",
    "AlphaTmax_gabab": "0.088",
    "Beta_gabab": "0.0033",
    "Cdur_gabab": "10",
    "gbar_gabab": "0.0017",
    "Erev_gabab": "0",
    "initW": "0.4",
    "Wmax": "3",
    "Wmin": "0.25",
    "delay": "2",
    "con_pattern": "1",
    "lambda1": "5",
    "lambda2": "0.01",
    "threshold1": "0.1",
    "threshold2": "0.2",
    "tauD1": "130",
    "d1": "0.7",
    "tauD2": "400",
    "d2": "0.92",
    "tauF": "1",
    "f": "1",
    "bACH": "-0.85",
    "aDA": "1",
    "bDA": "0",
    "wACH": "0",
    "ratio": "0.3",
    "gaussa": "0"
}