{
    "level_of_detail": "pyr2pyr",
    "AlphaTmax_ampa": "3.7",
    "Beta_ampa": "1.76",
    "Cdur_ampa": "0.5",
    "gbar_ampa": "0.0017",
    "Erev_ampa": "0",
    "AlphaTmax_nmda": "0.088",
    "Beta_nmda": "0.0066",
    "Cdur_nmda": "10",
    "gbar_nmda": "0.0006",
    "Erev_nmda": "0",
    "initW": "2",
    "Wmax": "2",
    "Wmin": "0.25",
    "delay": "0.9",
    "con_pattern": "3",
    "lambda1": "2.5",
    "lambda2": "0.01",
    "threshold1": "0.2",
    "threshold2": "0.5",
    "tauD1": "1",
    "d1": "1",
    "tauD2": "1",
    "d2": "1",
    "tauF": "15",
    "f": "7",
    "bACH": "0",
    "aDA": "1",
    "bDA": "0",
    "wACH": "0",
    "ratio": "0.5",
    "gaussa": "0"
}